{
  "dev": {
    "awscloudformation": {
      "AuthRoleName": "amplify-course-dev-230638-authRole",
      "UnauthRoleArn": "arn:aws:iam::898013762853:role/amplify-course-dev-230638-unauthRole",
      "AuthRoleArn": "arn:aws:iam::898013762853:role/amplify-course-dev-230638-authRole",
      "Region": "us-east-1",
      "DeploymentBucketName": "amplify-course-dev-230638-deployment",
      "UnauthRoleName": "amplify-course-dev-230638-unauthRole",
      "StackName": "amplify-course-dev-230638",
      "StackId": "arn:aws:cloudformation:us-east-1:898013762853:stack/amplify-course-dev-230638/793191c0-37a4-11ee-a881-122e98ac72e5",
      "AmplifyAppId": "df49a4eyiqejp"
    }
  }
}