{
  "dev": {
    "awscloudformation": {
      "AuthRoleName": "amplify-country-dev-113015-authRole",
      "UnauthRoleArn": "arn:aws:iam::898013762853:role/amplify-country-dev-113015-unauthRole",
      "AuthRoleArn": "arn:aws:iam::898013762853:role/amplify-country-dev-113015-authRole",
      "Region": "us-east-1",
      "DeploymentBucketName": "amplify-country-dev-113015-deployment",
      "UnauthRoleName": "amplify-country-dev-113015-unauthRole",
      "StackName": "amplify-country-dev-113015",
      "StackId": "arn:aws:cloudformation:us-east-1:898013762853:stack/amplify-country-dev-113015/5d46de20-2e9e-11ee-b31b-12dd60646331",
      "AmplifyAppId": "d1zbxjcqq59wdm"
    }
  }
}