{
    "providers": {
        "awscloudformation": {
            "AuthRoleName": "amplify-country-dev-113015-authRole",
            "UnauthRoleArn": "arn:aws:iam::898013762853:role/amplify-country-dev-113015-unauthRole",
            "AuthRoleArn": "arn:aws:iam::898013762853:role/amplify-country-dev-113015-authRole",
            "Region": "us-east-1",
            "DeploymentBucketName": "amplify-country-dev-113015-deployment",
            "UnauthRoleName": "amplify-country-dev-113015-unauthRole",
            "StackName": "amplify-country-dev-113015",
            "StackId": "arn:aws:cloudformation:us-east-1:898013762853:stack/amplify-country-dev-113015/5d46de20-2e9e-11ee-b31b-12dd60646331",
            "AmplifyAppId": "d1zbxjcqq59wdm"
        }
    },
    "api": {
        "country": {
            "service": "AppSync",
            "output": {
                "authConfig": {
                    "defaultAuthentication": {
                        "authenticationType": "API_KEY"
                    },
                    "additionalAuthenticationProviders": null
                },
                "GraphQLAPIIdOutput": "syxpayf5zjhtxaz2kxm3f3zhfy",
                "GraphQLAPIEndpointOutput": "https://nll4xgr43rc2djqaz2niukbqui.appsync-api.us-east-1.amazonaws.com/graphql",
                "name": "country",
                "region": "us-east-1",
                "GraphQLAPIKeyOutput": "da2-ln5o44ay6ngipghwts64tn2gfu"
            },
            "lastPushTimeStamp": "2023-07-30T06:03:50.764Z"
        }
    }
}