{
    "providers": {
        "awscloudformation": {
            "AuthRoleName": "amplify-course-dev-230638-authRole",
            "UnauthRoleArn": "arn:aws:iam::898013762853:role/amplify-course-dev-230638-unauthRole",
            "AuthRoleArn": "arn:aws:iam::898013762853:role/amplify-course-dev-230638-authRole",
            "Region": "us-east-1",
            "DeploymentBucketName": "amplify-course-dev-230638-deployment",
            "UnauthRoleName": "amplify-course-dev-230638-unauthRole",
            "StackName": "amplify-course-dev-230638",
            "StackId": "arn:aws:cloudformation:us-east-1:898013762853:stack/amplify-course-dev-230638/793191c0-37a4-11ee-a881-122e98ac72e5",
            "AmplifyAppId": "df49a4eyiqejp"
        }
    },
    "api": {
        "courseDetails": {
            "service": "AppSync",
            "output": {
                "authConfig": {
                    "defaultAuthentication": {
                        "authenticationType": "API_KEY"
                    },
                    "additionalAuthenticationProviders": null
                },
                "GraphQLAPIIdOutput": "afua2iuljffjneku4g2zx57mru",
                "GraphQLAPIEndpointOutput": "https://tu2llwhnzfddzgq7solgsm5oxe.appsync-api.us-east-1.amazonaws.com/graphql",
                "name": "courseDetails",
                "region": "us-east-1",
                "GraphQLAPIKeyOutput": "da2-54en67i65zepvi5beu4j5juveq"
            },
            "lastPushTimeStamp": "2023-08-10T17:38:05.467Z"
        }
    }
}